group	colour	showSelected2	fill
1	#4682B4	Train	#4682B4
1	#4682B4	Train	#4682B4
1	#4682B4	Train	#4682B4
1	#4682B4	Train	#4682B4
1	#4682B4	Train	#4682B4
1	#4682B4	Train	#4682B4
1	#4682B4	Train	#4682B4
1	#4682B4	Train	#4682B4
1	#4682B4	Train	#4682B4
1	#4682B4	Train	#4682B4
1	#4682B4	Train	#4682B4
1	#4682B4	Train	#4682B4
1	#4682B4	Train	#4682B4
1	#4682B4	Train	#4682B4
1	#4682B4	Train	#4682B4
1	#4682B4	Train	#4682B4
1	#4682B4	Train	#4682B4
1	#4682B4	Train	#4682B4
1	#4682B4	Train	#4682B4
1	#4682B4	Train	#4682B4
1	#4682B4	Train	#4682B4
1	#4682B4	Train	#4682B4
1	#4682B4	Train	#4682B4
1	#4682B4	Train	#4682B4
1	#4682B4	Train	#4682B4
1	#4682B4	Train	#4682B4
1	#4682B4	Train	#4682B4
1	#4682B4	Train	#4682B4
1	#4682B4	Train	#4682B4
1	#4682B4	Train	#4682B4
1	#4682B4	Train	#4682B4
1	#4682B4	Train	#4682B4
1	#4682B4	Train	#4682B4
1	#4682B4	Train	#4682B4
1	#4682B4	Train	#4682B4
1	#4682B4	Train	#4682B4
1	#4682B4	Train	#4682B4
1	#4682B4	Train	#4682B4
1	#4682B4	Train	#4682B4
1	#4682B4	Train	#4682B4
1	#4682B4	Train	#4682B4
1	#4682B4	Train	#4682B4
1	#4682B4	Train	#4682B4
1	#4682B4	Train	#4682B4
1	#4682B4	Train	#4682B4
1	#4682B4	Train	#4682B4
1	#4682B4	Train	#4682B4
1	#4682B4	Train	#4682B4
1	#4682B4	Train	#4682B4
1	#4682B4	Train	#4682B4
1	#4682B4	Train	#4682B4
1	#4682B4	Train	#4682B4
1	#4682B4	Train	#4682B4
1	#4682B4	Train	#4682B4
1	#4682B4	Train	#4682B4
1	#4682B4	Train	#4682B4
1	#4682B4	Train	#4682B4
1	#4682B4	Train	#4682B4
1	#4682B4	Train	#4682B4
1	#4682B4	Train	#4682B4
1	#4682B4	Train	#4682B4
1	#4682B4	Train	#4682B4
1	#4682B4	Train	#4682B4
1	#4682B4	Train	#4682B4
1	#4682B4	Train	#4682B4
1	#4682B4	Train	#4682B4
1	#4682B4	Train	#4682B4
1	#4682B4	Train	#4682B4
1	#4682B4	Train	#4682B4
1	#4682B4	Train	#4682B4
1	#4682B4	Train	#4682B4
1	#4682B4	Train	#4682B4
1	#4682B4	Train	#4682B4
1	#4682B4	Train	#4682B4
1	#4682B4	Train	#4682B4
1	#4682B4	Train	#4682B4
1	#4682B4	Train	#4682B4
1	#4682B4	Train	#4682B4
1	#4682B4	Train	#4682B4
1	#4682B4	Train	#4682B4
1	#4682B4	Train	#4682B4
1	#4682B4	Train	#4682B4
1	#4682B4	Train	#4682B4
1	#4682B4	Train	#4682B4
1	#4682B4	Train	#4682B4
1	#4682B4	Train	#4682B4
1	#4682B4	Train	#4682B4
1	#4682B4	Train	#4682B4
1	#4682B4	Train	#4682B4
1	#4682B4	Train	#4682B4
1	#FF6347	Test	#FF6347
1	#FF6347	Test	#FF6347
1	#FF6347	Test	#FF6347
1	#FF6347	Test	#FF6347
1	#FF6347	Test	#FF6347
1	#FF6347	Test	#FF6347
1	#FF6347	Test	#FF6347
1	#FF6347	Test	#FF6347
1	#FF6347	Test	#FF6347
1	#FF6347	Test	#FF6347
1	#FF6347	Test	#FF6347
1	#FF6347	Test	#FF6347
1	#FF6347	Test	#FF6347
1	#FF6347	Test	#FF6347
1	#FF6347	Test	#FF6347
1	#4682B4	Train	#4682B4
1	#4682B4	Train	#4682B4
1	#4682B4	Train	#4682B4
1	#4682B4	Train	#4682B4
1	#4682B4	Train	#4682B4
1	#4682B4	Train	#4682B4
1	#4682B4	Train	#4682B4
1	#4682B4	Train	#4682B4
1	#4682B4	Train	#4682B4
1	#4682B4	Train	#4682B4
1	#4682B4	Train	#4682B4
1	#4682B4	Train	#4682B4
1	#4682B4	Train	#4682B4
1	#4682B4	Train	#4682B4
1	#4682B4	Train	#4682B4
1	#4682B4	Train	#4682B4
1	#4682B4	Train	#4682B4
1	#4682B4	Train	#4682B4
1	#4682B4	Train	#4682B4
1	#4682B4	Train	#4682B4
1	#4682B4	Train	#4682B4
1	#4682B4	Train	#4682B4
1	#4682B4	Train	#4682B4
1	#4682B4	Train	#4682B4
1	#4682B4	Train	#4682B4
1	#4682B4	Train	#4682B4
1	#4682B4	Train	#4682B4
1	#4682B4	Train	#4682B4
1	#4682B4	Train	#4682B4
1	#4682B4	Train	#4682B4
1	#4682B4	Train	#4682B4
1	#4682B4	Train	#4682B4
1	#4682B4	Train	#4682B4
1	#4682B4	Train	#4682B4
1	#4682B4	Train	#4682B4
1	#4682B4	Train	#4682B4
1	#4682B4	Train	#4682B4
1	#4682B4	Train	#4682B4
1	#4682B4	Train	#4682B4
1	#4682B4	Train	#4682B4
1	#4682B4	Train	#4682B4
1	#4682B4	Train	#4682B4
1	#4682B4	Train	#4682B4
1	#4682B4	Train	#4682B4
1	#4682B4	Train	#4682B4
